DATE,all_Const_Emp,emratio,GDP,home_ow_rate,house_st,income,IPI_Cement,labor_percent,monthly_supply,MSPUS,new_private_house,new_private_hw_under,p_saving_rate,permit,population,PPI_Cement,PPI_Concrete,target,total_emp_cons,unemployed_rate,mortgage_rate
01/01/04,866.4,62.3,11923.447,68.7,1911,9731.8,152.7696,66.1,3.8,212700,1709,1191,4.6,1952,292046,149.4,154.4,140.705,6848,5.7,5.87
01/02/04,867.3,62.3,11923.447,68.7,1846,9765.4,150.0017,66,3.7,212700,1718,1197,4.6,1966,292230,149.5,154.4,142.028,6838,5.6,5.72
01/03/04,875.7,62.2,11923.447,68.7,1998,9815.8,169.2698,66,3.6,212700,1794,1219,4.5,2066,292434,150.2,154.4,144.079,6887,5.8,5.59
01/04/04,876.2,62.3,12112.815,69.4,2003,9865.8,170.7984,65.9,4,217600,1938,1222,4.9,2070,292651,152.1,155.6,146.18,6901,5.6,5.52
01/05/04,890.8,62.3,12112.815,69.4,1981,9950,166.8784,66,3.8,217600,1893,1233,4.8,2150,292872,153.6,155.6,148.336,6948,5.6,6.12
01/06/04,891.3,62.4,12112.815,69.4,1828,9988.4,161.137,66.1,3.9,217600,1857,1229,5.4,2020,293103,153.9,155.6,150.519,6962,5.6,6.28
01/07/04,898.6,62.5,12305.307,68.9,2002,10033,165.4524,66.1,4.5,213500,1881,1247,4.7,2112,293350,154.4,155.6,152.338,6977,5.5,6.21
01/08/04,903.4,62.4,12305.307,68.9,2024,10078.2,165.3621,66,4.3,213500,1911,1238,4.7,2056,293603,157.7,155.6,153.815,7003,5.4,5.99
01/09/04,910.4,62.3,12305.307,68.9,1905,10110.5,164.6795,65.8,4.1,213500,1796,1247,4.1,2041,293857,160.4,155.6,155.109,7029,5.4,5.77
01/10/04,918.3,62.3,12527.214,69.1,2072,10159.3,159.7827,65.9,3.9,228800,1839,1264,3.9,2097,294104,160.4,155.6,156.3,7077,5.5,5.82
01/11/04,923.5,62.5,12527.214,69.1,1782,10171.5,155.9986,66,4.3,228800,1758,1268,3.4,2079,294337,161.4,155.6,157.497,7091,5.4,5.7
01/12/04,927.4,62.4,12527.214,69.1,2042,10520.8,165.3151,65.9,4.1,228800,1921,1280,6.2,2082,294561,161.5,155.6,158.671,7117,5.4,5.81
01/01/05,932.1,62.4,12767.286,69.2,2144,10247,162.2895,65.8,4.4,232500,1892,1302,2.7,2139,294768,166.8,156,160.13,7095,5.3,5.77
01/02/05,938,62.4,12767.286,69.2,2207,10282.7,166.6449,65.9,4.3,232500,1908,1322,2.3,2114,294955,168.8,161.6,161.924,7153,5.4,5.63
01/03/05,942.5,62.4,12767.286,69.2,1864,10347.9,164.5578,65.9,4.1,232500,1787,1311,2.5,2062,295149,169,159.2,164.576,7181,5.2,5.79
01/04/05,947.9,62.7,12922.656,68.7,2061,10412.1,160.4648,66.1,4.3,233700,1927,1324,2.1,2150,295359,171.8,163.2,167,7266,5.2,5.93
01/05/05,953,62.8,12922.656,68.7,2025,10464.1,164.645,66.1,4.2,233700,2103,1322,2.6,2085,295582,172.2,163.2,169.545,7294,5.1,5.75
01/06/05,958.8,62.7,12922.656,68.7,2068,10498,164.5554,66.1,4.3,233700,1965,1329,2,2178,295824,172.5,163.2,172.016,7333,5,5.62
01/07/05,964.7,62.8,13142.642,68.7,2054,10558.3,157.5209,66.1,4.2,236400,1886,1338,1.4,2203,296077,179,163.2,174.098,7353,5,5.62
01/08/05,964.8,62.9,13142.642,68.7,2095,10619.6,159.0364,66.2,4.5,236400,1952,1356,2,2219,296338,179.2,163.2,175.923,7394,4.9,5.82
01/09/05,967.6,62.8,13142.642,68.7,2151,10687.7,160.2459,66.1,4.7,236400,1922,1377,2,2263,296606,180.2,163.2,177.61,7415,5,5.71
01/10/05,972.8,62.8,13324.204,68.9,2065,10767.3,161.781,66.1,4.5,243600,1962,1376,2.3,2170,296857,180.3,163.2,178.752,7460,5,5.98
01/11/05,985.7,62.7,13324.204,68.9,2147,10815.4,166.9225,66,5,243600,1907,1395,2.6,2218,297089,180.6,163.2,179.673,7524,5,6.31
01/12/05,995.7,62.8,13324.204,68.9,1994,10853.1,170.0789,66,4.9,243600,1941,1405,2.5,2120,297311,181.3,163.3,180.107,7533,4.9,6.26
01/01/06,1008.1,62.9,13599.16,68.6,2273,11038.6,192.0058,66,5.3,247700,2036,1424,3,2212,297526,191,167.4,180.827,7601,4.7,6.21
01/02/06,1012.7,63,13599.16,68.6,2119,11102.6,186.8371,66.1,6.1,247700,2048,1423,3.2,2141,297734,191.5,168.9,181.499,7664,4.8,6.23
01/03/06,1017.8,63.1,13599.16,68.6,1969,11171.8,174.8701,66.2,5.9,247700,2245,1423,3.3,2118,297950,195.3,168.9,182.749,7689,4.7,6.24
01/04/06,1022,63,13753.424,68.8,1821,11229.5,165.894,66.1,6.3,246300,2071,1401,3.1,1998,298170,196.7,169.4,183.648,7726,4.7,6.43
01/05/06,1016.6,63.1,13753.424,68.8,1942,11251.1,160.6757,66.1,6.2,246300,1897,1409,2.9,1905,298401,197.6,169.4,184.38,7713,4.6,6.59
01/06/06,1007.8,63.1,13753.424,68.8,1802,11292.8,161.3478,66.2,6.3,246300,2050,1383,2.9,1867,298653,197.8,169.4,184.547,7699,4.6,6.67
01/07/06,1007.3,63,13870.188,68.9,1737,11322.1,152.8645,66.1,7.3,235600,1934,1363,2.3,1763,298910,199.4,169.4,184.607,7712,4.7,6.79
01/08/06,1009.2,63.1,13870.188,68.9,1650,11346.8,153.8466,66.2,6.7,235600,1877,1339,2.5,1722,299178,200,169.4,184.404,7720,4.7,6.63
01/09/06,1011.6,63.1,13870.188,68.9,1720,11383.9,149.9586,66.1,6.7,235600,2011,1317,2.4,1655,299452,201,169.4,184.198,7718,4.5,6.47
01/10/06,1005.8,63.3,14039.56,68.8,1491,11417.8,151.1094,66.2,7.3,245400,1918,1283,2.4,1570,299710,201,169.4,184.053,7682,4.4,6.3
01/11/06,996,63.3,14039.56,68.8,1570,11479.3,153.3113,66.3,6.6,245400,1893,1265,2.7,1535,299950,200.9,169.4,183.63,7666,4.5,6.31
01/12/06,989.5,63.4,14039.56,68.8,1649,11587.6,167.7383,66.4,6.5,245400,1888,1247,2.6,1638,300178,200.8,169.4,183.229,7685,4.4,6.11
01/01/07,982.5,63.3,14215.651,68.5,1409,11647.1,159.9107,66.4,7.2,257400,1822,1217,2.4,1626,300398,206.3,173.4,182.717,7725,4.6,6.18
01/02/07,977.3,63.3,14215.651,68.5,1480,11734.2,153.1578,66.3,7.9,257400,1640,1206,2.8,1598,300608,204.3,173.6,182.47,7626,4.5,6.34
01/03/07,973.2,63.3,14215.651,68.5,1495,11821.4,154.2912,66.2,7.9,257400,1623,1192,3,1596,300823,205.1,175.7,182.193,7706,4.4,6.18
01/04/07,966.8,63,14402.082,68.3,1490,11868.1,152.514,65.9,7.4,242200,1539,1181,3,1470,301045,210,188.5,182.131,7686,4.5,6.17
01/05/07,965.1,63,14402.082,68.3,1415,11908.7,154.5441,66,7.8,242200,1536,1164,2.8,1493,301278,209.3,188.5,181.884,7673,4.4,6.16
01/06/07,964,63,14402.082,68.3,1448,11929.2,149.977,66,8.2,242200,1481,1161,2.7,1407,301528,208.3,188.5,181.54,7687,4.6,6.53
01/07/07,954.4,62.9,14564.117,68,1354,11955.7,150.5201,66,8.3,241800,1534,1144,2.6,1361,301790,208.8,188.5,180.993,7660,4.7,6.63
01/08/07,942.1,62.7,14564.117,68,1330,11963.1,149.1231,65.8,9.2,241800,1512,1123,2.2,1321,302064,208.3,188.5,180.234,7610,4.6,6.68
01/09/07,936.5,62.9,14564.117,68,1183,12025.5,149.8187,66,9.2,241800,1356,1108,2.3,1261,302334,210.7,188.5,179.121,7577,4.7,6.46
01/10/07,921.6,62.7,14715.058,67.8,1264,12046.8,147.7939,65.8,8.5,238400,1405,1096,2.2,1192,302590,210.2,188.6,177.529,7565,4.7,6.37
01/11/07,895,62.9,14715.058,67.8,1197,12102.8,151.5663,66,9.4,238400,1390,1080,1.9,1224,302834,210.1,188.6,175.161,7523,4.7,6.26
01/12/07,896.4,62.7,14715.058,67.8,1037,12182.7,145.0209,66,9.6,238400,1328,1059,2.4,1149,303062,209.1,188.6,173.337,7490,5,5.96
01/01/08,886.6,62.9,14706.538,67.9,1084,12227.8,148.6861,66.2,9.3,233900,1331,1041,2.6,1094,303280,208.5,189,171.076,7476,5,6.07
01/02/08,874.5,62.8,14706.538,67.9,1103,12264.9,145.1992,66,9.7,233900,1274,1025,3,1014,303494,208.9,189,169.189,7453,4.9,5.67
01/03/08,867.3,62.7,14706.538,67.9,1005,12314.7,141.708,66.1,10.5,233900,1195,1014,2.9,967,303707,208.9,189,167.902,7406,5.1,6.03
01/04/08,854.6,62.7,14865.701,68.1,1013,12302.6,141.7389,65.9,10.3,235300,1022,1009,2.4,1008,303926,210.4,189,167.323,7327,5,5.88
01/05/08,840.8,62.5,14865.701,68.1,973,12879.3,137.5827,66.1,10.7,235300,1142,991,6.8,995,304157,207.7,188.3,167.02,7274,5.4,6.06
01/06/08,824.8,62.4,14865.701,68.1,1046,12661,134.7395,66.1,10.7,235300,1142,975,4.6,1180,304396,204.1,188.3,166.536,7213,5.6,6.09
01/07/08,812.7,62.2,14898.999,67.7,923,12514.8,134.9989,66.1,10.5,226500,1087,955,3.6,921,304646,207.9,188.7,165.712,7160,5.8,6.35
01/08/08,800.3,62,14898.999,67.7,844,12426,126.4169,66.1,11.3,226500,1017,936,3.1,858,304903,207.9,190.7,164.276,7114,6.1,6.52
01/09/08,782.5,61.9,14898.999,67.7,820,12445,122.6119,66,10.9,226500,1160,904,3.9,797,305158,207.5,191.2,161.911,7044,6.1,6.35
01/10/08,766.4,61.7,14608.209,67.5,777,12446.5,118.448,66,11.6,222500,1055,876,4.9,736,305403,207.8,197.1,159.162,6967,6.5,6.1
01/11/08,747.5,61.4,14608.209,67.5,652,12387.1,110.4689,65.9,11.4,222500,1076,842,6,626,305620,207.3,197.1,156.071,6813,6.8,6.2
01/12/08,732.4,61,14608.209,67.5,560,12238.5,103.7494,65.8,11.2,222500,1021,806,5.8,554,305827,206.9,197.1,152.544,6701,7.3,5.53
01/01/09,712.1,60.6,14430.902,67.4,490,12125.6,95.2548,65.7,12.2,208400,777,783,5.9,545,306035,211.1,197.1,149.361,6567,7.8,5.01
01/02/09,688.8,60.3,14430.902,67.4,582,12007.4,97.7078,65.8,10.5,208400,819,756,5.4,558,306237,207.2,197.1,147.617,6446,8.3,5.25
01/03/09,667.1,59.9,14430.902,67.4,505,11965.3,86.8443,65.6,11,208400,839,717,5.8,513,306438,205.1,197.1,146.514,6291,8.7,5.15
01/04/09,655.8,59.8,14381.236,67.4,478,12009.4,82.0075,65.7,10.7,220900,846,677,6.5,521,306645,209.5,197.1,146.941,6154,9,4.78
01/05/09,643.9,59.6,14381.236,67.4,540,12179.6,78.8803,65.7,9.3,220900,818,650,7.8,556,306863,207.6,197,148.168,6100,9.4,4.84
01/06/09,634.9,59.4,14381.236,67.4,585,12042.9,78.7754,65.7,8.5,220900,797,627,6.1,601,307090,204.9,197,149.796,6010,9.5,5.29
01/07/09,629.1,59.3,14448.882,67.4,594,11998.4,79.682,65.5,7.9,214300,797,611,5.4,595,307322,203.1,197,150.748,5932,9.5,5.32
01/08/09,620.8,59.1,14448.882,67.4,586,12011.2,77.1805,65.4,7.5,214300,792,588,4.4,616,307570,202.1,197,150.668,5855,9.6,5.22
01/09/09,612.8,58.7,14448.882,67.4,585,12061.1,76.3666,65.1,7.8,214300,721,576,5.5,609,307826,201.9,197,149.627,5787,9.8,5.08
01/10/09,606.4,58.5,14651.249,67.2,534,12069.4,67.7433,65,7.4,219000,746,554,5.1,583,308071,200.6,197,148.585,5716,10,4.94
01/11/09,602.3,58.6,14651.249,67.2,588,12129.6,74.417,65,7.6,219000,844,532,5.5,623,308289,199.9,197,147.94,5696,9.9,4.98
01/12/09,596.2,58.3,14651.249,67.2,581,12188.2,69.7594,64.6,8,219000,750,517,5.4,664,308495,198.5,197,146.665,5654,9.9,4.71
01/01/10,583.1,58.5,14764.61,67.2,614,12267.7,68.5084,64.8,8.1,222900,689,501,5.6,636,308706,198.4,196.5,145.003,5580,9.8,5.09
01/02/10,578.3,58.5,14764.61,67.2,604,12267.6,66.3646,64.9,8.3,222900,670,493,5.3,650,308904,197.9,196.5,143.053,5500,9.8,5.01
01/03/10,580.3,58.5,14764.61,67.2,636,12330.9,74.4045,64.9,7.1,222900,635,492,5.3,687,309095,196.3,196.5,143.596,5537,9.9,4.97
01/04/10,579.8,58.7,14980.193,66.9,687,12441.8,83.5556,65.2,6.2,219500,737,488,6,637,309289,194.6,196,145.402,5553,9.9,5.08
01/05/10,578.1,58.6,14980.193,66.9,583,12543.7,81.0115,64.9,9.3,219500,702,476,6.4,575,309485,193.3,196,147.038,5520,9.6,5
01/06/10,577.2,58.5,14980.193,66.9,536,12550.7,79.9794,64.6,8.3,219500,894,447,6.2,587,309691,192.3,196,147.704,5516,9.4,4.79
01/07/10,570.2,58.5,15141.607,66.7,546,12588.7,78.0653,64.6,8.9,224100,572,443,6.1,579,309913,191.7,196,147.564,5508,9.4,4.58
01/08/10,568.7,58.6,15141.607,66.7,599,12652.9,80.9004,64.7,8.8,224100,592,444,6.2,580,310146,191.5,196,146.428,5524,9.5,4.49
01/09/10,568,58.5,15141.607,66.7,594,12673.4,80.7248,64.6,7.6,224100,632,439,6.1,563,310385,190.8,196,144.608,5501,9.5,4.32
01/10/10,563.3,58.3,15309.474,66.5,543,12723.6,82.9445,64.4,8.2,224300,605,436,5.9,558,310612,190,196,143.128,5508,9.4,4.27
01/11/10,560.8,58.2,15309.474,66.5,545,12765.5,82.6785,64.6,8.2,224300,552,431,5.8,560,310820,188.5,196,141.817,5506,9.8,4.24
01/12/10,559.7,58.3,15309.474,66.5,539,12873.1,80.3348,64.3,7,224300,565,427,6.2,632,311020,187.9,196,140.626,5467,9.3,4.46
01/01/11,556.9,58.3,15351.448,66.5,630,13080.7,79.0746,64.2,7.3,226900,520,431,6.6,576,311204,185.8,196,139.034,5427,9.1,4.77
01/02/11,559,58.4,15351.448,66.5,517,13155.6,82.8153,64.1,8.1,226900,615,424,6.9,542,311373,185.4,196,137.729,5451,9,4.81
01/03/11,562.4,58.4,15351.448,66.5,600,13178.2,80.3855,64.2,7.2,226900,591,420,6.3,583,311551,186.5,196,137.783,5477,9,4.87
01/04/11,563.5,58.4,15557.539,66,554,13212.8,80.2058,64.2,6.7,228100,549,417,6.3,581,311740,189,196,139.157,5485,9.1,4.87
01/05/11,560.1,58.3,15557.539,66,561,13239.1,83.0525,64.1,6.6,228100,549,415,6.3,618,311935,188,198.8,140.692,5516,9,4.71
01/06/11,567.5,58.2,15557.539,66,608,13295.7,85.4978,64,6.6,228100,579,416,6.5,636,312147,186.9,198.8,141.944,5528,9.1,4.55
01/07/11,565.1,58.2,15647.68,66.1,623,13375.8,86.6092,64,6.7,223500,634,417,6.7,621,312372,188.6,198.8,142.342,5547,9,4.6
01/08/11,564.4,58.3,15647.68,66.1,585,13400.3,88.4338,64.1,6.5,223500,614,414,6.7,647,312605,187.8,198.8,141.786,5552,9,4.39
01/09/11,565.6,58.4,15647.68,66.1,650,13401.5,87.4913,64.2,6.3,223500,603,417,6.4,610,312842,189.3,198.8,140.168,5584,9,4.22
01/10/11,571.7,58.4,15842.259,65.9,610,13406.4,88.3018,64.1,6,221100,566,422,6.3,671,313060,180.8,199.4,138.409,5588,8.8,3.94
01/11/11,571.9,58.6,15842.259,65.9,711,13419.7,87.7499,64.1,5.7,221100,585,433,6.4,706,313260,181.9,199.4,136.664,5593,8.6,4
01/12/11,575,58.6,15842.259,65.9,694,13548.9,92.3764,64,5.3,221100,610,434,7.2,697,313454,182.5,199.3,135.166,5611,8.5,4
01/01/12,575.2,58.4,16068.805,65.6,723,13631.6,95.8174,63.7,5.3,238400,545,441,7.4,712,313636,185.4,199.3,134.167,5626,8.3,3.91
01/02/12,576.8,58.5,16068.805,65.6,704,13731.1,95.3281,63.8,4.8,238400,561,450,7.3,738,313811,185.8,199.3,133.996,5629,8.3,3.87
01/03/12,573,58.5,16068.805,65.6,695,13798.5,93.6147,63.8,4.9,238400,582,458,7.6,806,313993,185.2,199.3,135.864,5625,8.2,3.9
01/04/12,572,58.4,16207.115,65.6,753,13868.1,94.8612,63.7,4.9,238700,671,463,7.9,732,314176,187.2,199.3,138.469,5618,8.2,3.98
01/05/12,574,58.5,16207.115,65.6,708,13850.3,92.7536,63.7,4.7,238700,626,474,7.9,796,314368,188.7,200.8,141.045,5604,8.2,3.84
01/06/12,576.2,58.6,16207.115,65.6,757,13837.1,91.4537,63.8,4.8,238700,625,486,7.9,794,314576,188.8,200.7,143.167,5621,8.2,3.67
01/07/12,583.4,58.5,16319.541,65.4,740,13752.9,90.0613,63.7,4.6,248800,676,490,7,849,314796,188.3,200.7,144.282,5632,8.2,3.62
01/08/12,584.8,58.4,16319.541,65.4,754,13768.5,90.1539,63.5,4.6,248800,684,495,6.7,840,315031,189,200.7,144.704,5648,8.1,3.55
01/09/12,586.5,58.7,16319.541,65.4,847,13914.1,89.7819,63.6,4.5,248800,652,511,7.2,930,315264,189.1,200.7,144.355,5661,7.8,3.55
01/10/12,582.7,58.8,16420.419,65.3,915,14049.2,91.4828,63.8,4.9,251700,730,520,7.8,887,315485,188.8,200.7,143.964,5674,7.8,3.36
01/11/12,590.9,58.7,16420.419,65.3,833,14230.7,95.9168,63.6,4.6,251700,668,534,8.7,917,315692,189.1,200.7,143.955,5684,7.7,3.39
01/12/12,594.7,58.7,16420.419,65.3,976,14581.4,96.1678,63.7,4.5,251700,677,551,10.9,941,315877,188.3,200.7,143.863,5724,7.9,3.34
01/01/13,595.6,58.6,16648.189,65.2,888,13880.4,98.9057,63.7,4,258400,714,559,4.9,940,316038,194.7,201.4,144.309,5746,8,3.34
01/02/13,597.9,58.6,16648.189,65.2,962,13902,100.6368,63.4,4.1,258400,729,581,4.7,980,316191,194.4,201.4,145.161,5784,7.7,3.53
01/03/13,601.9,58.5,16648.189,65.2,1010,13932.2,100.5862,63.3,4.2,258400,816,596,4.8,936,316357,194.6,201.4,147.961,5802,7.5,3.52
01/04/13,607.6,58.6,16728.687,65.1,835,13974.9,95.5738,63.4,4.4,268100,712,606,5.1,1012,316535,196.2,203.8,150.969,5796,7.6,3.54
01/05/13,610.4,58.6,16728.687,65.1,930,14052.5,99.5796,63.4,4.6,268100,708,620,5.3,1003,316729,197.5,203.8,153.859,5829,7.5,3.35
01/06/13,610.8,58.6,16728.687,65.1,839,14083.9,101.0879,63.4,4.1,268100,736,629,5.4,942,316934,197.5,203.8,156.426,5855,7.5,3.91
01/07/13,610.6,58.7,16953.838,65.2,880,14072,101.9207,63.3,5.5,264800,784,640,5.2,997,317156,197.2,203.8,158.285,5859,7.3,4.29
01/08/13,613.8,58.7,16953.838,65.2,917,14117.3,103.1342,63.3,5.5,264800,765,654,5.2,964,317397,197.7,201.8,159.392,5878,7.2,4.39
01/09/13,615.1,58.7,16953.838,65.2,850,14181.7,105.1333,63.2,5.4,264800,776,661,5.3,1004,317635,197.6,201.8,159.671,5910,7.2,4.57
01/10/13,621.2,58.3,17192.019,65.1,925,14152.3,103.3935,62.8,4.9,273600,801,670,4.7,1044,317864,197.9,201.8,159.555,5931,7.2,4.22
01/11/13,625.8,58.6,17192.019,65.1,1100,14209.6,100.2148,63,5,273600,839,687,4.5,1029,318076,198,201.8,159.363,5963,6.9,4.16
01/12/13,628.6,58.7,17192.019,65.1,1002,14266.5,99.279,62.9,5.2,273600,778,707,4.5,1005,318276,197.4,201.8,159.28,5932,6.7,4.46
01/01/14,632.4,58.8,17197.738,64.9,888,14369.2,96.8079,62.9,5.1,275200,838,713,5.2,976,318464,200.8,207,159.367,5985,6.6,4.53
01/02/14,641.6,58.7,17197.738,64.9,944,14456.4,96.6738,62.9,5.3,275200,876,714,5.3,1039,318642,199.2,207,159.87,6007,6.7,4.23
01/03/14,642.4,58.9,17197.738,64.9,970,14555,98.2487,63.1,5.6,275200,893,726,5.2,1067,318827,199.3,207,161.187,6038,6.7,4.28
01/04/14,650.5,58.9,17518.508,64.8,1043,14624.5,99.8454,62.8,5.7,288000,834,743,5.4,1090,319020,207,207,162.966,6084,6.2,4.41
01/05/14,650,58.9,17518.508,64.8,1007,14689.5,103.2365,62.9,5.2,288000,891,754,5.6,1018,319225,207.1,207,164.681,6109,6.3,4.29
01/06/14,657.1,59,17518.508,64.8,911,14760.1,101.9823,62.8,5.7,288000,800,771,5.6,1010,319438,207,207,166.211,6133,6.1,4.14
01/07/14,665.1,59,17804.228,64.3,1085,14821.1,104.7958,62.9,6.2,281000,839,790,5.5,1076,319670,207,207,167.135,6178,6.2,4.12
01/08/14,669.8,59,17804.228,64.3,984,14894.2,103.4521,62.9,5.4,281000,908,793,5.3,1047,319919,207.8,207,167.449,6210,6.1,4.14
01/09/14,677.3,59.1,17804.228,64.3,1023,14951.2,106.4031,62.8,5.4,281000,975,797,5.5,1077,320166,208.8,207,167.239,6242,5.9,4.1
01/10/14,674.1,59.3,17912.079,63.9,1074,15022.7,107.4458,62.9,5.3,298900,920,806,5.4,1094,320403,210.5,207,166.907,6259,5.7,4.19
01/11/14,676.7,59.2,17912.079,63.9,1001,15094,99.9927,62.9,5.7,298900,863,814,5.6,1059,320616,210.3,207,166.655,6272,5.8,4.02
01/12/14,672.6,59.3,17912.079,63.9,1073,15170.9,107.9466,62.8,5.1,298900,955,826,6,1072,320815,210,207.1,166.456,6293,5.6,3.89
01/01/15,680.1,59.3,18063.529,63.8,1085,15230.8,107.9341,62.9,4.8,289200,954,830,6.3,1049,320997,217.3,208.2,166.246,6320,5.7,3.73
01/02/15,680.4,59.2,18063.529,63.8,886,15313.3,98.3276,62.7,4.5,289200,863,830,6.4,1127,321164,217.7,208.2,166.628,6361,5.5,3.59
01/03/15,682.1,59.2,18063.529,63.8,960,15314.2,98.1756,62.6,5.1,289200,781,843,5.9,1072,321344,217.3,208.2,168.086,6334,5.4,3.75
01/04/15,684.7,59.3,18279.784,63.5,1190,15373.5,102.8938,62.8,4.9,289100,1001,868,5.9,1166,321538,225,208.4,169.968,6392,5.4,3.7
01/05/15,690,59.4,18279.784,63.5,1079,15442.7,104.7045,62.9,5,289100,1012,878,5.8,1272,321740,224.4,208.4,171.849,6427,5.6,3.8
01/06/15,688.5,59.4,18279.784,63.5,1205,15479,107.4349,62.7,5.4,289100,962,896,5.7,1379,321954,223.7,208.4,173.449,6441,5.3,3.87
01/07/15,697.7,59.3,18401.626,63.6,1146,15518.6,112.861,62.6,5.2,295800,988,908,5.6,1140,322186,223.9,208.4,174.494,6472,5.2,4.08
01/08/15,698.2,59.4,18401.626,63.6,1130,15550.5,114.324,62.6,5,295800,974,921,5.6,1165,322427,224.8,208.4,174.936,6490,5.1,3.91
01/09/15,699.8,59.2,18401.626,63.6,1224,15570.5,114.4838,62.4,5.9,295800,1040,939,5.8,1144,322670,224.1,208.4,175.042,6508,5,3.89
01/10/15,702.6,59.3,18435.137,63.7,1058,15608,113.2076,62.5,5.6,302500,985,943,5.8,1160,322901,224.3,208.4,175.047,6547,5,3.85
01/11/15,708.9,59.4,18435.137,63.7,1172,15615.4,112.7529,62.5,5.5,302500,1000,962,5.6,1244,323113,223.8,208.4,175.138,6598,5.1,3.87
01/12/15,712.9,59.6,18435.137,63.7,1146,15668.4,119.9432,62.7,5.1,302500,1023,970,5.8,1211,323318,224.1,208.4,175.111,6630,5,3.93
01/01/16,714.2,59.7,18525.933,63.5,1092,15695.5,116.7737,62.7,5.6,299800,1056,968,6.1,1171,323509,231.5,214.8,175.031,6631,4.8,3.97
01/02/16,717,59.8,18525.933,63.5,1225,15695.9,119.0691,62.8,5.5,299800,1037,982,5.6,1172,323687,229.3,214.8,175.275,6640,4.9,3.72
01/03/16,720.5,59.8,18525.933,63.5,1111,15731.6,118.9388,63,5.5,299800,1003,987,5.9,1118,323871,229.6,215,176.597,6678,5,3.64
01/04/16,726.2,59.7,18711.702,63.1,1163,15758.9,109.6397,62.9,5,306000,945,998,5.5,1160,324061,233.4,215.7,178.492,6702,5.1,3.59
01/05/16,726.8,59.7,18711.702,63.1,1148,15777.2,107.7978,62.7,5.1,306000,1000,1010,5.3,1205,324260,233.2,215.7,180.341,6689,4.8,3.61
01/06/16,727.4,59.7,18711.702,63.1,1203,15821.4,110.7825,62.7,5.3,306000,1109,1016,4.9,1208,324476,233.7,215.7,181.911,6701,4.9,3.66
01/07/16,728.1,59.8,18892.639,63.4,1239,15891.5,105.7977,62.8,4.5,303800,1072,1033,5.1,1198,324697,235.4,215.7,183.012,6735,4.8,3.41
01/08/16,734.3,59.8,18892.639,63.4,1171,15931.3,105.2756,62.9,5,303800,1054,1038,5.1,1201,324924,235.1,215.7,183.649,6736,4.9,3.43
01/09/16,744.9,59.7,18892.639,63.4,1068,15999.1,105.1248,62.9,5.2,303800,1035,1038,5.1,1303,325155,234.9,215.7,183.938,6768,5,3.46
01/10/16,743.8,59.7,19089.379,63.5,1313,16059.4,106.1554,62.8,5.2,310900,1070,1053,5.3,1254,325368,234.7,215.7,184.012,6799,4.9,3.42
01/11/16,744,59.7,19089.379,63.5,1140,16107.6,107.082,62.7,5.2,310900,1244,1042,5.4,1230,325562,234.9,215.7,184.224,6823,4.7,3.54
01/12/16,741.9,59.7,19089.379,63.5,1252,16182.5,103.5341,62.7,5.4,310900,1101,1057,5,1248,325742,233.9,215.7,184.396,6818,4.7,4.08
01/01/17,744.3,59.9,19280.084,63.6,1190,16293.3,103.8613,62.8,5.4,313100,1081,1063,5.3,1303,325901,238.9,217.4,184.651,6840,4.7,4.2
01/02/17,747.6,60,19280.084,63.6,1271,16363.5,109.3437,62.9,5.3,313100,1148,1070,5.6,1234,326050,239.4,217.4,185.019,6881,4.6,4.19
01/03/17,746.5,60.2,19280.084,63.6,1190,16415.1,104.1778,62.9,5,313100,1147,1071,5.6,1272,326207,239.3,217.2,186.528,6902,4.4,4.1
01/04/17,745.1,60.2,19438.643,63.9,1146,16476,99.5252,63,5.4,318200,1069,1075,5.7,1251,326371,245.3,219.2,188.541,6916,4.4,4.1
01/05/17,747.2,60.1,19438.643,63.9,1157,16573.2,98.541,62.8,5.1,318200,1170,1071,6.3,1208,326548,245.5,219.2,190.536,6931,4.4,4.02
01/06/17,747.5,60.1,19438.643,63.9,1249,16604,98.5506,62.8,5.3,318200,1236,1073,6,1353,326743,245.4,219.2,192.263,6962,4.3,3.94
01/07/17,753.2,60.2,19692.595,63.9,1206,16665.9,96.7412,62.9,5.8,320500,1173,1075,6,1256,326939,245.6,219.2,193.508,6968,4.3,3.96
01/08/17,752.7,60.1,19692.595,63.9,1159,16733.7,96.8802,62.9,6.1,320500,1107,1083,6.1,1319,327140,245.6,226.7,194.343,7002,4.4,3.93
01/09/17,752.2,60.4,19692.595,63.9,1181,16841.9,96.6574,63.1,5.3,320500,1113,1093,5.9,1273,327342,244.7,248,194.814,7013,4.3,3.78
01/10/17,759.7,60.1,20037.088,64,1257,16930.8,98.9092,62.7,5.5,337900,1196,1101,6,1356,327528,243.8,248,195.08,7031,4.2,3.85
01/11/17,763.3,60.1,20037.088,64,1273,16997.5,101.8749,62.7,4.8,337900,1182,1107,5.6,1299,327699,243.4,248,195.447,7068,4.2,3.94
01/12/17,772.5,60.1,20037.088,64,1177,17058.2,102.1262,62.7,5.6,337900,1200,1100,5,1311,327848,243.3,248,195.843,7091,4.1,3.94
01/01/18,776.7,60.1,20328.553,64.2,1299,17141.7,100.5105,62.7,6,331800,1208,1105,5.7,1317,327969,246.8,230.9,196.111,7093,4,3.95
01/02/18,785.2,60.4,20328.553,64.2,1277,17204.1,101.2587,63,5.7,331800,1288,1109,5.8,1321,328085,246.6,230.9,196.9,7184,4.1,4.22
01/03/18,787.9,60.4,20328.553,64.2,1318,17268.2,100.3923,62.9,5.2,331800,1181,1121,5.9,1385,328219,246.5,240.5,198.568,7194,4,4.43
01/04/18,792.9,60.4,20580.912,64.5,1276,17328.7,102.5132,62.9,5.6,315600,1224,1124,6,1378,328364,248.1,242.7,200.611,7212,4,4.4
01/05/18,798.1,60.5,20580.912,64.5,1357,17404.4,105.2333,62.9,5.5,315600,1262,1131,6,1338,328521,249.2,245,202.448,7274,3.8,4.55
01/06/18,802.2,60.5,20580.912,64.5,1192,17488.4,103.0044,63,5.8,315600,1212,1126,6.3,1345,328692,251,245,204.037,7292,4,4.54
01/07/18,803,60.6,20798.73,64.4,1208,17587.6,103.6116,63,6,330900,1150,1127,6.5,1334,328863,250.3,245.1,204.944,7318,3.8,4.52
01/08/18,802.1,60.3,20798.73,64.4,1288,17664,102.9686,62.6,6.5,330900,1262,1129,6.6,1273,329040,249.6,250.6,205.321,7347,3.8,4.6
01/09/18,803.8,60.4,20798.73,64.4,1250,17693.5,100.4694,62.8,6.6,330900,1187,1135,6.8,1314,329216,249.7,250.6,205.367,7375,3.7,4.52
01/10/18,803.4,60.5,20917.867,64.6,1221,17749.8,100.1128,62.9,7.2,322800,1122,1141,6.7,1272,329379,250.3,250.6,205.362,7389,3.8,4.71
01/11/18,808.8,60.6,20917.867,64.6,1181,17795.7,95.367,62.9,6.4,322800,1131,1144,6.5,1340,329527,249.9,250.6,205.1,7386,3.8,4.83
01/12/18,812.7,60.6,20917.867,64.6,1095,18012.4,96.2836,63,7.6,322800,1053,1148,8.4,1317,329659,249.9,249,204.691,7396,3.9,4.81
01/01/19,815.3,60.6,21104.133,64.2,1226,18053.9,103.5269,63.1,7,313000,1247,1150,8.2,1261,329766,252.7,250.7,204.195,7425,4,4.55
01/02/19,812.9,60.7,21104.133,64.2,1121,18151.4,98.604,63.1,6.3,313000,1304,1140,8.5,1287,329862,252.1,250.5,204.423,7395,3.8,4.51
01/03/19,816.5,60.6,21104.133,64.2,1191,18229.5,97.5868,63,5.6,313000,1313,1125,7.9,1305,329977,251.2,252.4,205.77,7425,3.8,4.41
01/04/19,811.9,60.5,21384.775,64.3,1272,18262.1,98.5981,62.8,5.7,322500,1308,1124,7.7,1311,330103,255.6,253.3,207.684,7468,3.7,4.41
01/05/19,813.2,60.6,21384.775,64.3,1293,18277,98.1708,62.9,6.5,322500,1221,1132,7.3,1347,330240,258.1,256.5,209.348,7478,3.6,4.08
01/06/19,817.1,60.7,21384.775,64.3,1243,18310.5,97.9644,63,5.4,322500,1178,1143,7.1,1315,330393,257.7,254.1,210.583,7502,3.6,4.14
01/07/19,818.9,60.8,21694.282,64.7,1240,18328.6,102.1547,63.1,6.1,318400,1215,1146,6.8,1352,330553,255.5,253.4,211.334,7526,3.7,3.82
01/08/19,826.4,60.8,21694.282,64.7,1375,18423.6,103.2365,63.1,5.5,318400,1313,1149,7,1489,330729,255.4,252.1,211.693,7530,3.6,3.75
01/09/19,827.1,61,21694.282,64.7,1311,18474.4,105.7782,63.2,5.4,318400,1154,1162,7.2,1474,330904,255.5,253.4,211.872,7547,3.5,3.75
01/10/19,828.6,61,21902.39,65,1325,18549.5,102.5264,63.3,5.3,327100,1289,1159,7.3,1525,331066,255.4,251.1,211.966,7553,3.6,3.49
01/11/19,830.4,61,21902.39,65,1353,18630.7,97.3837,63.3,5.4,327100,1266,1166,7.1,1527,331213,255.1,251.9,212.106,7541,3.6,3.65
01/12/19,827,61.1,21902.39,65,1548,18583.8,100.1004,63.3,5.5,327100,1308,1177,6.4,1451,331345,255,252.7,212.238,7527,3.6,3.69
01/01/20,827,61.1,21706.513,65.3,1578,18821.5,109.397,63.3,5.7,329000,1292,1193,7.2,1507,331443,254.2,252.9,212.398,7580,3.6,3.68
01/02/20,835.3,61.1,21706.513,65.3,1537,18925.6,105.0399,63.3,5.6,329000,1241,1213,7.7,1442,331525,253.9,253.7,213.218,7615,3.5,3.72
01/03/20,832.7,59.8,21706.513,65.3,1252,18577.4,100.9304,62.6,6.4,329000,1248,1214,12.5,1358,331642,253.9,257.2,215.194,7546,4.4,3.45
01/04/20,708,51.2,19913.143,68,931,20750.9,96.035,60.1,6.7,317100,1188,1195,32,1066,331699,257.2,257.6,217.238,6528,14.8,3.29
01/05/20,772,52.7,19913.143,68,1053,19877.2,99.7189,60.8,5.3,317100,1175,1180,22.7,1260,331701,256.2,263.3,218.485,7010,13.2,3.33
01/06/20,794.8,54.7,19913.143,68,1254,19920.9,104.3597,61.5,4,317100,1237,1183,18.4,1338,331744,258.4,263.3,219.813,7156,11,3.26
01/07/20,804,55.2,21647.64,67.3,1523,20191.5,104.9614,61.5,3.5,327900,1308,1201,17.9,1546,331811,259.7,261.4,221.572,7192,10.2,3.18
01/08/20,811,56.5,21647.64,67.3,1401,19594.2,103.3772,61.7,3.3,327900,1269,1213,14,1529,331885,259.6,261.4,224.054,7224,8.4,3.07
01/09/20,820.5,56.6,21647.64,67.3,1463,19744.9,101.4776,61.5,3.5,327900,1439,1220,13.2,1624,331966,259.8,263.3,226.806,7251,7.8,2.88
01/10/20,828.9,57.5,22024.502,65.7,1543,19758.5,102.9257,61.7,3.3,338600,1386,1229,12.8,1613,332041,259.7,263.3,229.818,7300,6.8,2.93
01/11/20,827,57.4,22024.502,65.7,1553,19610.4,105.0796,61.5,3.9,338600,1262,1246,12.1,1714,332079,259.5,263.3,232.322,7318,6.7,2.88
01/12/20,836,57.4,22024.502,65.7,1635,19775.2,105.9155,61.5,4.1,338600,1369,1261,12,1744,332062,259.6,263.3,234.371,7354,6.7,2.78
01/01/21,841,57.4,22600.185,65.6,1639,21760.9,109.5435,61.3,4.1,355000,1362,1282,19.3,1883,332007,260.7,263.5,236.442,7363,6.4,2.71
01/02/21,844.5,57.5,22600.185,65.6,1407,20254,92.9655,61.4,4.8,355000,1296,1287,12.8,1715,331983,261.3,264.4,239.221,7298,6.2,2.65
01/03/21,856.8,57.7,22600.185,65.6,1668,24471.8,99.7076,61.5,4.3,355000,1454,1306,26.1,1732,332023,261.2,264.3,244.216,7406,6.1,2.73
01/04/21,853.1,57.9,23292.362,65.5,1492,21304.2,102.8062,61.6,4.6,367800,1410,1323,12.3,1738,332089,268,265.7,249.824,7407,6.1,3.02
01/05/21,854.3,58,23292.362,65.5,1607,20899.7,98.8756,61.5,5.5,367800,1330,1339,9.9,1681,332161,268.2,269,255.449,7395,5.8,3.18
01/06/21,859.5,58.1,23292.362,65.5,1638,20934.3,96.389,61.7,6,367800,1291,1373,8.7,1657,332249,268.4,269,261.174,7387,5.9,2.96
01/07/21,869,58.4,23828.973,65.3,1600,21156.5,95.2446,61.8,6,395200,1360,1387,9.4,1652,332375,269.453,271.816,265.512,7413,5.4,2.99
01/08/21,875.7,58.6,23828.973,65.3,1595,21207.3,96.0601,61.8,6.5,395200,1340,1410,8.7,1770,332506,271.193,271.816,268.788,7429,5.1,2.98
01/09/21,882.1,58.8,23828.973,65.3,1563,21051.2,96.9246,61.7,6.2,395200,1226,1439,7.2,1625,332610,271.694,271.816,271.442,7475,4.7,2.77
01/10/21,882.5,59,24654.603,65.5,1587,21201.4,97.3596,61.8,6.7,414000,1282,1464,6.6,1719,332708,271.977,271.816,273.652,7513,4.5,2.87
01/11/21,888.3,59.3,24654.603,65.5,1704,21297.7,101.7253,61.9,5.9,414000,1403,1493,6.2,1766,332806,270.722,278.675,276.022,7561,4.1,2.99
01/12/21,893.4,59.6,24654.603,65.5,1757,21352.9,106.1807,62,5.6,414000,1326,1525,6.1,1913,332891,271.163,278.675,278.593,7594,3.9,3.09
01/01/22,899.9,59.7,25029.116,65.4,1712,21294.8,104.7234,62.2,5.9,413500,1275,1552,4.1,1915,332933,280.267,293.546,281.963,7587,4,3.11
01/02/22,907.8,59.8,25029.116,65.4,1742,21426.2,100.0481,62.2,6.1,413500,1343,1582,4.1,1860,332972,281.955,301.302,287.18,7672,3.8,3.22
01/03/22,911.8,60.1,25029.116,65.4,1678,21510.5,101.7872,62.3,6.9,413500,1352,1630,3.4,1879,333067,281.915,301.302,294.992,7704,3.6,3.55
01/04/22,916.7,59.9,25544.273,65.9,1828,21581.3,97.7188,62.2,8.2,437700,1344,1672,3.1,1835,333191,287.439,304.653,301.639,7704,3.7,3.76
01/05/22,923.5,60,25544.273,65.9,1540,21657.1,98.1165,62.3,8.1,437700,1425,1682,3.1,1712,333317,287.567,304.653,306.414,7743,3.6,4.72
01/06/22,921.7,59.9,25544.273,65.9,1542,21740.7,100.4673,62.2,9.9,437700,1381,1689,2.7,1745,333451,288.522,309.714,308.208,7757,3.6,5.27
01/07/22,925.9,60,25994.639,65.9,1392,21910.5,99.117,62.1,10.6,438000,1409,1684,3.5,1719,333599,296.731,309.714,307.042,7786,3.5,5.09
01/08/22,925.6,60.1,25994.639,65.9,1520,22024.3,97.8919,62.4,8.6,438000,1375,1699,3.2,1542,333762,299.595,309.714,303.595,7798,3.6,5.3
01/09/22,924.5,60.1,25994.639,65.9,1470,22121.5,99.5784,62.3,9.9,438000,1434,1700,3,1613,333925,301.55,310.892,300.418,7826,3.5,4.99
01/10/22,926.8,60,26408.405,65.9,1440,22242.2,98.0491,62.3,9.7,442600,1379,1711,3,1560,334071,306.085,310.892,298.649,7839,3.6,5.66
01/11/22,925.4,59.9,26408.405,65.9,1420,22267.7,90.42,62.1,9.2,442600,1559,1695,3.3,1402,334206,307.269,310.892,296.838,7860,3.6,6.66
01/12/22,928.2,60.1,26408.405,65.9,1340,22312.3,89.5103,62.3,8.6,442600,1386,1692,3.4,1400,334326,307.445,310.892,294.326,7884,3.5,6.95
01/01/23,929.9,60.2,26813.601,66,1361,22525.3,96.5484,62.4,8.3,429000,1389,1692,4.4,1443,334433,322.376,331.353,292.788,7921,3.4,6.49
01/02/23,926.8,60.2,26813.601,66,1404,22648.4,97.777,62.5,8.4,429000,1540,1686,4.7,1620,334544,326.256,331.353,293.451,7947,3.6,6.48
01/03/23,925.5,60.4,26813.601,66,1342,22757.9,93.9325,62.6,8.1,429000,1516,1681,5.2,1493,334664,326.838,333.027,297.333,7941,3.5,6.09
01/04/23,923.3,60.4,27063.012,66,1368,22806.1,94.0809,62.6,7.5,418500,1416,1682,5.2,1470,334792,327.097,336.455,301.466,7961,3.4,6.65
01/05/23,922.6,60.3,27063.012,66,1583,22876.6,97.503,62.6,6.9,418500,1499,1692,5.3,1532,334929,329.026,336.455,305.333,7977,3.7,6.28
01/06/23,929.7,60.3,27063.012,66,1415,22921.4,96.6809,62.6,7.7,418500,1480,1693,4.8,1493,335080,328.781,336.455,308.25,8010,3.6,6.39
01/07/23,920.3,60.4,27610.128,65.9,1473,22986.4,95.3515,62.6,7.3,435400,1343,1702,4.4,1501,335248,331.468,336.455,310.136,8021,3.5,6.79
01/08/23,923,60.4,27610.128,65.9,1305,23094.5,94.6465,62.8,7.9,435400,1373,1697,4.5,1578,335431,332.276,336.455,311.501,8052,3.8,6.81
01/09/23,928.7,60.4,27610.128,65.9,1363,23176.2,92.9412,62.8,7.5,435400,1466,1680,3.9,1515,335612,333.513,336.455,312.359,8065,3.8,6.9
01/10/23,932,60.3,27956.998,65.7,1365,23189.4,93.3602,62.7,7.9,423200,1382,1680,3.8,1534,335773,334.683,336.455,312.747,8087,3.8,7.12
01/11/23,931.4,60.4,27956.998,65.7,1510,23241.5,90.8291,62.8,8.8,423200,1466,1683,3.7,1508,335925,334.779,336.455,311.993,8102,3.7,7.49
01/12/23,933.6,60.1,27956.998,65.7,1568,23311.6,92.4447,62.5,8.2,423200,1557,1679,3.6,1530,336070,334.576,351.033,310.842,8120,3.7,7.76
01/01/24,935.1,60.2,28269.174,65.6,1376,23560,80.6341,62.5,8.3,420800,1504,1670,4,1508,336194,345.633,351.033,310.675,8146,3.7,7.03